<?xml version="1.0" encoding="UTF-8" standalone="yes"?>
<addon id="metadata.common.movie.daum.net"
       name="Daum movie common scraper functions"
       version="1.0.0"
       provider-name="XBMC-Korea">
  <requires>
    <import addon="xbmc.metadata" version="1.0"/>
  </requires>
  <extension point="xbmc.metadata.scraper.library"
             library="daum-movie.xml"/>
  <extension point="xbmc.addon.metadata">
    <platform>all</platform>
    <minversion>20000</minversion>
    <summary lang="en">Daum Movie Scraper Library</summary>
    <summary lang="kr">다음 무비 스크래퍼 라이브러리</summary>
    <description lang="en">Download movie information from movie.daum.net</description>
    <description lang="kr">다음에서 영화 정보 다운로드</description>
  </extension>
</addon> 
