﻿<scraperfunctions>
	<GetDaumPoster dest="4">
		<RegExp input="$$5" output="&lt;details&gt;\1&lt;/details&gt;" dest="4">
			<RegExp input="$$1" output="&lt;url cache=&quot;daum-photo-\2.htm&quot; function=&quot;GetDaumPosterPage&quot;&gt;\1movieId=\2\3&lt;/url&gt;" dest="5">
				<expression noclean="1">&lt;a class="tab4" href="([^"]*)movieId=(\d+)([^"]*)"</expression>
			</RegExp>
			<RegExp input="$$1" output="\1" dest="6">
				<expression noclean="1">&lt;h3 class="tit"&gt;포스터 리스트&lt;/h3&gt;.*&lt;span class="current"&gt;(.*)&lt;!-- 포스터 End</expression>
			</RegExp>
			<RegExp input="$$6" output="&lt;url function=&quot;GetDaumPosterPage&quot;&gt;http://movie.daum.net/\1&lt;/url&gt;" dest="5+">
				<expression repeat="yes" noclean="1">&lt;a href="([^"]*)"&gt;(\d+)&lt;/a&gt;</expression>
			</RegExp>
			<expression noclean="1"/>
		</RegExp>
	</GetDaumPoster>
	<GetDaumPosterPage dest="4">
		<RegExp input="$$5" output="&lt;details&gt;\1&lt;/details&gt;" dest="4">
			<RegExp input="$$1" output="\1" dest="6">
				<expression noclean="1">&lt;h3 class="tit"&gt;포스터 리스트&lt;/h3&gt;(.*)&lt;!-- 포스터 End</expression>
			</RegExp>
			<RegExp input="$$6" output="&lt;thumb preview=&quot;http://\1/C155x225/\2&quot;&gt;http://\1/image/\2&lt;/thumb&gt;" dest="5">
				<expression repeat="yes" noclean="1">&lt;img src="http://([^/]+)/C155x225/([^"]+)"</expression>
			</RegExp>
			<expression noclean="1"/>
		</RegExp>
	</GetDaumPosterPage>
	<GetDaumFanart clearbuffers="no" dest="4">
		<RegExp input="$$5" output="&lt;details&gt;\1&lt;/details&gt;" dest="4">
			<RegExp input="$$1" output="\1" dest="6">
				<expression noclean="1">&lt;h3 class="tit"&gt;포토 리스트&lt;/h3&gt;.*&lt;span class="current"&gt;(.*)&lt;!-- 포토 End</expression>
			</RegExp>
			<RegExp input="$$6" output="&lt;url function=&quot;GetDaumFanartPage2&quot;&gt;http://movie.daum.net\1&lt;/url&gt;" dest="5">
				<expression repeat="yes" noclean="1">&lt;a href="([^"]*)"&gt;(\d+)&lt;/a&gt;</expression>
			</RegExp>
			<RegExp input="$$1" output="&lt;url cache=&quot;daum-photo-\2.htm&quot; function=&quot;GetDaumFanartPage&quot;&gt;\1movieId=\2\3&lt;/url&gt;" dest="5+">
				<expression noclean="1">&lt;a class="tab4" href="([^"]*)movieId=(\d+)([^"]*)"</expression>
			</RegExp>
			<expression noclean="1"/>
		</RegExp>
	</GetDaumFanart>
	<GetDaumFanartPage dest="4">
		<!-- append result from GetTMDBFanart/GetDaumFanartPage2 calls -->
		<RegExp input="$$11$$5$$10" output="&lt;details&gt;&lt;fanart&gt;\1&lt;/fanart&gt;&lt;/details&gt;" dest="4">
			<RegExp input="$$1" output="\1" dest="6">
				<expression noclean="1">&lt;h3 class="tit"&gt;포토 리스트&lt;/h3&gt;(.*)&lt;!-- 포토 End</expression>
			</RegExp>
			<RegExp input="$$6" output="&lt;thumb preview=&quot;http://\1/S150x125/\2&quot;&gt;http://\1/image/\2&lt;/thumb&gt;" dest="5">
				<expression repeat="yes" noclean="1">&lt;img src="http://([^/]+)/S150x125/([^"]+)"</expression>
			</RegExp>
			<expression noclean="1"/>
		</RegExp>
	</GetDaumFanartPage>
	<GetDaumFanartPage2 clearbuffers="no" dest="4">
		<RegExp input="$$5" output="&lt;details&gt;&lt;/details&gt;" dest="4">
			<RegExp input="$$1" output="\1" dest="6">
				<expression noclean="1">&lt;h3 class="tit"&gt;포토 리스트&lt;/h3&gt;(.*)&lt;!-- 포토 End</expression>
			</RegExp>
			<RegExp input="$$6" output="&lt;thumb preview=&quot;http://\1/S150x125/\2&quot;&gt;http://\1/image/\2&lt;/thumb&gt;" dest="10+">
				<expression repeat="yes" noclean="1">&lt;img src="http://([^/]+)/S150x125/([^"]+)"</expression>
			</RegExp>
			<expression noclean="1"/>
		</RegExp>
	</GetDaumFanartPage2>
	<GetDaumCast dest="4">
		<RegExp input="$$6" output="&lt;details&gt;\1&lt;/details&gt;" dest="4">
			<RegExp input="$$1" output="\1" dest="5">
				<expression noclean="1">&lt;h5\s*&gt;\s*주연&lt;/h5&gt;(.*)&lt;h5\s*&gt;\s*제작</expression>
			</RegExp>
			<RegExp input="$$5" output="&lt;actor&gt;&lt;name&gt;\2&lt;/name&gt;&lt;role&gt;\3&lt;/role&gt;&lt;thumb&gt;\1&lt;/thumb&gt;&lt;/actor&gt;" dest="6">
				<expression clear="yes" repeat="yes">&lt;img src="([^"]*)"[^&gt;]*&gt;&lt;/a&gt;&lt;/span&gt;\s*&lt;span class="name"[^&gt;]*&gt;&lt;a href[^&gt;]*&gt;([^&lt;]*)&lt;/a&gt;&lt;/span&gt;\s*&lt;span class="etcs"&gt;\s*([^&lt;]*) 역\s*&lt;/span&gt;</expression>
			</RegExp>
			<RegExp input="$$5" output="&lt;actor&gt;&lt;name&gt;\2&lt;/name&gt;&lt;role&gt;\4&lt;/role&gt;&lt;thumb&gt;\1&lt;/thumb&gt;&lt;/actor&gt;" dest="6+">
				<expression repeat="yes">&lt;img src="([^"]*)"[^&gt;]*&gt;&lt;/a&gt;&lt;/span&gt;\s*&lt;span class="name"[^&gt;]*&gt;&lt;a href[^&gt;]*&gt;([^&lt;]*)&lt;/a&gt;&lt;/span&gt;\s*&lt;span class="aka fc4"&gt;&lt;span class="eng"&gt;\(([^\)]*)\)&lt;/span&gt;&lt;/span&gt;\s*&lt;span class="etcs"&gt;\s*([^&lt;]*) 역\s*&lt;/span&gt;</expression>
			</RegExp>
			<expression noclean="1"/>
		</RegExp>
	</GetDaumCast>
	<GetDaumWriter dest="4">
		<RegExp input="$$6" output="&lt;details&gt;\1&lt;/details&gt;" dest="4">
			<RegExp input="$$1" output="\1" dest="5">
				<expression noclean="1">&lt;h5\s*&gt;\s*각본&lt;/h5&gt;(.*?)&lt;h5\s*&gt;</expression>
			</RegExp>
			<RegExp input="$$5" output="&lt;credits&gt;\1&lt;/credits&gt;" dest="6">
				<expression repeat="yes">class="em b"&gt;([^&lt;]*)&lt;</expression>
			</RegExp>
			<expression noclean="1"/>
		</RegExp>
	</GetDaumWriter>
	<GetDaumFullPlot dest="4">
		<RegExp input="$$5" output="&lt;details&gt;\1&lt;/details&gt;" dest="4">
			<RegExp input="$$6" output="&lt;plot&gt;\1&lt;/plot&gt;" dest="5">
				<RegExp input="$$1" output="\1" dest="6">
					<expression>&lt;a name="synopsis"&gt;.*?&lt;div class="txt"&gt;(.*?)&lt;/div&gt;</expression>
				</RegExp>
				<expression>(\S.*\S)</expression>
			</RegExp>
			<RegExp input="$$6" output="&lt;tagline&gt;\1&lt;/tagline&gt;" dest="5+">
				<RegExp input="$$1" output="\1" dest="6">
					<expression clear="yes">&lt;a name="tagline"&gt;.*?&lt;div class="txt"&gt;(.*?)&lt;/div&gt;</expression>
				</RegExp>
				<expression>(\S.*\S)</expression>
			</RegExp>
			<expression noclean="1"/>
		</RegExp>
	</GetDaumFullPlot>
	<!-- Modify after copying from common/tmdb.xml -->
	<GetTMDBFanartById dest="4">
		<RegExp input="$$5" output="&lt;details&gt;\1&lt;/details&gt;" dest="4">
			<RegExp input="$$1" output="&lt;url function=&quot;GetTMDBFanart&quot; cache=&quot;tmdb-images-tt\1.xml&quot;&gt;http://api.themoviedb.org/2.1/Movie.getImages/en/xml/57983e31fb435df4df77afb854740ea9/tt\1&lt;/url&gt;" dest="5">
				<expression>/tt([0-9]+)</expression>
			</RegExp>
			<RegExp input="$$1" output="&lt;url function=&quot;GetTMDBFanart&quot; cache=&quot;tmdb-images-\1.xml&quot;&gt;http://api.themoviedb.org/2.1/Movie.getImages/en/xml/57983e31fb435df4df77afb854740ea9/\1&lt;/url&gt;" dest="5">
				<expression>&lt;id&gt;([0-9]*)&lt;/id&gt;</expression>
			</RegExp>
			<expression noclean="1"/>
		</RegExp>
	</GetTMDBFanartById>
	<GetTMDBFanart clearbuffers="no" dest="5">
		<RegExp input="$$2" output="&lt;details&gt;\1&lt;/details&gt;" dest="5">
			<RegExp input="$$1" output="&lt;thumb&gt;\1&lt;/thumb&gt;" dest="3">
				<expression noclean="1" repeat="yes">&lt;backdrop[^&gt;]*&gt;(.*?)&lt;/backdrop&gt;</expression>
			</RegExp>
			<RegExp input="$$3" output="&lt;thumb preview=&quot;\2&quot;&gt;\1\3&lt;/thumb&gt;" dest="4">
				<expression noclean="1,3" repeat="yes">&lt;thumb&gt;(.*?)url=&quot;([^&quot;]*)&quot; size=&quot;poster&quot;(.*?)&lt;/thumb&gt;</expression>
			</RegExp>
			<RegExp input="$$4" output="&lt;thumb\1&gt;\2&lt;/thumb&gt;" dest="11">
				<expression repeat="yes" noclean="1">&lt;thumb([^&gt;]*)&gt;.*?url=&quot;([^&quot;]*)&quot; size=&quot;original&quot;.*?&lt;/thumb&gt;</expression>
			</RegExp>
			<expression noclean="1"/>
		</RegExp>
	</GetTMDBFanart>
</scraperfunctions>
