<?xml version="1.0" encoding="UTF-8" standalone="yes"?>
<addon id="plugin.video.gomtv.com"
       name="GomTV"
       version="0.4.6"
       provider-name="XBMC-Korea">
  <requires>
    <import addon="xbmc.python" version="1.0"/>
  </requires>
  <extension point="xbmc.python.pluginsource"
             library="default.py">
    <provides>video</provides>
  </extension>
  <extension point="xbmc.addon.metadata">
    <summary lang="en">GomTV Streaming Service</summary>
    <summary lang="ko">곰티비 비디오 스트리밍 서비스</summary>
    <description lang="en">Watch Korean movie trailer, video clip, game broadcast in gomtv.com</description>
    <description lang="ko">곰티비(gomtv.com) 에서 제공되는 영화 예고편, 비디오, 게임중계, 뮤직비디오등을 볼수 있습니다</description>
    <platform>all</platform>
  </extension>
</addon>
