<window>

	<defaultcontrol>201</defaultcontrol>
	<coordinates>
		<system>1</system>
		<posx>162</posx>
		<posy>96</posy>
	</coordinates>

	<controls>
		<control type="image">
			<description>backdrop</description>
			<posx>-162</posx>
			<posy>-96</posy>
			<width>720</width>
			<height>576</height>
			<texture>default-black.png</texture>
		</control>
		<control type="image">
			<posx>-45</posx>
			<posy>-11</posy>
			<width>486</width>
			<height>406</height>
			<texture>default-panel.png</texture>
            <animation effect="fade" time="200">WindowOpen</animation>
            <animation effect="fade" time="200">WindowClose</animation>
		</control>

		<!-- labels -->
		<!-- ** Required ** Do not change id or type -->
		<control type="label" id="20">
			<description>Title Label</description>
			<posx>-10</posx>
			<posy>6</posy>
			<width>280</width>
			<align>left</align>
			<font>special13</font>
			<textcolor>DDced8da</textcolor>
			<label>SCRIPT0</label>
            <animation effect="fade" time="200">WindowOpen</animation>
            <animation effect="fade" time="200">WindowClose</animation>
		</control>
		<!-- ** Required ** Do not change id or type -->
		<control type="label" id="30">
			<description>Version Label</description>
			<posx>420</posx>
			<posy>6</posy>
			<width>250</width>
			<align>right</align>
			<font>special13</font>
			<textcolor>DDced8da</textcolor>
			<label>-</label>
            <animation effect="fade" time="200">WindowOpen</animation>
            <animation effect="fade" time="200">WindowClose</animation>
		</control>

		<!-- ** Required ** Do not change id or type -->
		<control type="spincontrol" id="900">
			<description>page label</description>
			<posx>438</posx>
			<posy>338</posy>
			<subtype>page</subtype>
            <font>special12</font>
            <textcolor>ffffffff</textcolor>
            <texturefocus>-</texturefocus>
            <texturenofocus>-</texturenofocus>
            <textureup>-</textureup>
            <textureupfocus>-</textureupfocus>
            <texturedown>-</texturedown>
            <texturedownfocus>-</texturedownfocus>
			<showonepage>true</showonepage>
            <animation effect="fade" time="200">WindowOpen</animation>
            <animation effect="fade" time="200">WindowClose</animation>
		</control>

		<!-- ** Required ** Do not change id's or type's -->
        <control type="grouplist" id="9000">
            <posx>-20</posx>
            <posy>60</posy>
            <width>350</width>
            <height>286</height>
            <itemgap>2</itemgap>
            <pagecontrol>900</pagecontrol>
            <animation effect="fade" time="200">WindowOpen</animation>
            <animation effect="fade" time="200">WindowClose</animation>
            <onleft>2000</onleft>
            <onright>2000</onright>
            <onup>9000</onup>
            <ondown>9000</ondown>
            <control type="button" id="201">
                <description>Setting1 Button</description>
                <posx>0</posx>
                <posy>0</posy>
                <width>350</width>
                <height>30</height>
                <align>left</align>
                <aligny>center</aligny>
                <label>SCRIPT201</label>
                <font>font13</font>
                <textcolor>ffffffff</textcolor>
                <textoffsetx>10</textoffsetx>
                <texturefocus>default-input-focus.png</texturefocus>
                <texturenofocus>default-input-nofocus.png</texturenofocus>
                <disabledcolor>60d0d0d0</disabledcolor>
                <shadowcolor>ff000000</shadowcolor>
            </control>
            <control type="image" id="1">
                <description>separator image</description>
                <posx>-5</posx>
                <posy>0</posy>
                <width>390</width>
                <height>5</height>
                <texture>-</texture>
            </control>
            <control type="radiobutton" id="202">
                <description>Setting2 Button</description>
                <posx>0</posx>
                <posy>0</posy>
                <width>350</width>
                <height>30</height>
                <align>left</align>
                <aligny>center</aligny>
                <label>SCRIPT202</label>
                <font>font13</font>
                <textcolor>ffffffff</textcolor>
                <textoffsetx>10</textoffsetx>
                <texturefocus>default-input-focus.png</texturefocus>
                <texturenofocus>default-input-nofocus.png</texturenofocus>
                <textureradiofocus>default-settings-check-box.png</textureradiofocus>
                <textureradionofocus>default-settings-check-boxNF.png</textureradionofocus>
                <disabledcolor>60d0d0d0</disabledcolor>
                <shadowcolor>ff000000</shadowcolor>
            </control>
            <control type="button" id="203">
                <description>Setting3 Button</description>
                <posx>0</posx>
                <posy>0</posy>
                <width>350</width>
                <height>30</height>
                <align>left</align>
                <aligny>center</aligny>
                <label>SCRIPT203</label>
                <font>font13</font>
                <textcolor>ffffffff</textcolor>
                <textoffsetx>10</textoffsetx>
                <texturefocus>default-input-focus.png</texturefocus>
                <texturenofocus>default-input-nofocus.png</texturenofocus>
                <disabledcolor>60d0d0d0</disabledcolor>
                <shadowcolor>ff000000</shadowcolor>
            </control>
            <control type="radiobutton" id="210">
                <description>Setting10 Button</description>
                <width>350</width>
                <height>30</height>
                <posx>0</posx>
                <posy>0</posy>
                <align>left</align>
                <aligny>center</aligny>
                <label>SCRIPT210</label>
                <font>font13</font>
                <textcolor>ffffffff</textcolor>
                <textoffsetx>10</textoffsetx>
                <texturefocus>default-input-focus.png</texturefocus>
                <texturenofocus>default-input-nofocus.png</texturenofocus>
                <textureradiofocus>default-settings-check-box.png</textureradiofocus>
                <textureradionofocus>default-settings-check-boxNF.png</textureradionofocus>
                <disabledcolor>60d0d0d0</disabledcolor>
                <shadowcolor>ff000000</shadowcolor>
            </control>
            <control type="radiobutton" id="211">
                <description>Setting11 Button</description>
                <posx>0</posx>
                <posy>0</posy>
                <width>350</width>
                <height>30</height>
                <align>left</align>
                <aligny>center</aligny>
                <label>SCRIPT211</label>
                <font>font13</font>
                <textcolor>ffffffff</textcolor>
                <textoffsetx>10</textoffsetx>
                <texturefocus>default-input-focus.png</texturefocus>
                <texturenofocus>default-input-nofocus.png</texturenofocus>
                <textureradiofocus>default-settings-check-box.png</textureradiofocus>
                <textureradionofocus>default-settings-check-boxNF.png</textureradionofocus>
                <disabledcolor>60d0d0d0</disabledcolor>
                <shadowcolor>ff000000</shadowcolor>
            </control>
            <control type="image" id="2">
                <description>separator image</description>
                <posx>-5</posx>
                <posy>0</posy>
                <width>390</width>
                <height>5</height>
                <texture>-</texture>
            </control>
            <control type="radiobutton" id="204">
                <description>Setting4 Button</description>
                <posx>0</posx>
                <posy>0</posy>
                <width>350</width>
                <height>30</height>
                <align>left</align>
                <aligny>center</aligny>
                <label>SCRIPT204</label>
                <font>font13</font>
                <textcolor>ffffffff</textcolor>
                <textoffsetx>10</textoffsetx>
                <texturefocus>default-input-focus.png</texturefocus>
                <texturenofocus>default-input-nofocus.png</texturenofocus>
                <textureradiofocus>default-settings-check-box.png</textureradiofocus>
                <textureradionofocus>default-settings-check-boxNF.png</textureradionofocus>
                <disabledcolor>60d0d0d0</disabledcolor>
                <shadowcolor>ff000000</shadowcolor>
            </control>
            <control type="radiobutton" id="205">
                <description>Setting5 Button</description>
                <posx>0</posx>
                <posy>0</posy>
                <width>350</width>
                <height>30</height>
                <align>left</align>
                <aligny>center</aligny>
                <label>SCRIPT205</label>
                <font>font13</font>
                <textcolor>ffffffff</textcolor>
                <textoffsetx>10</textoffsetx>
                <texturefocus>default-input-focus.png</texturefocus>
                <texturenofocus>default-input-nofocus.png</texturenofocus>
                <textureradiofocus>default-settings-check-box.png</textureradiofocus>
                <textureradionofocus>default-settings-check-boxNF.png</textureradionofocus>
                <disabledcolor>60d0d0d0</disabledcolor>
                <shadowcolor>ff000000</shadowcolor>
            </control>
            <control type="image" id="3">
                <description>separator image</description>
                <posx>-5</posx>
                <posy>0</posy>
                <width>390</width>
                <height>5</height>
                <texture>-</texture>
            </control>
            <control type="radiobutton" id="206">
                <description>Setting6 Button</description>
                <posx>0</posx>
                <posy>0</posy>
                <width>350</width>
                <height>30</height>
                <align>left</align>
                <aligny>center</aligny>
                <label>SCRIPT206</label>
                <font>font13</font>
                <textcolor>ffffffff</textcolor>
                <textoffsetx>10</textoffsetx>
                <texturefocus>default-input-focus.png</texturefocus>
                <texturenofocus>default-input-nofocus.png</texturenofocus>
                <textureradiofocus>default-settings-check-box.png</textureradiofocus>
                <textureradionofocus>default-settings-check-boxNF.png</textureradionofocus>
                <disabledcolor>60d0d0d0</disabledcolor>
                <shadowcolor>ff000000</shadowcolor>
            </control>
            <control type="button" id="207">
                <description>Setting7 Button</description>
                <posx>0</posx>
                <posy>0</posy>
                <width>350</width>
                <height>30</height>
                <align>left</align>
                <aligny>center</aligny>
                <label>SCRIPT207</label>
                <font>font13</font>
                <textcolor>ffffffff</textcolor>
                <textoffsetx>10</textoffsetx>
                <texturefocus>default-input-focus.png</texturefocus>
                <texturenofocus>default-input-nofocus.png</texturenofocus>
                <disabledcolor>60d0d0d0</disabledcolor>
                <shadowcolor>ff000000</shadowcolor>
            </control>
            <control type="image" id="4">
                <description>separator image</description>
                <posx>-5</posx>
                <posy>0</posy>
                <width>390</width>
                <height>5</height>
                <texture>-</texture>
            </control>
            <control type="button" id="208">
                <description>Setting8 Button</description>
                <posx>0</posx>
                <posy>0</posy>
                <width>350</width>
                <height>30</height>
                <align>left</align>
                <aligny>center</aligny>
                <label>SCRIPT208</label>
                <font>font13</font>
                <textcolor>ffffffff</textcolor>
                <textoffsetx>10</textoffsetx>
                <texturefocus>default-input-focus.png</texturefocus>
                <texturenofocus>default-input-nofocus.png</texturenofocus>
                <disabledcolor>60d0d0d0</disabledcolor>
                <shadowcolor>ff000000</shadowcolor>
            </control>
            <control type="radiobutton" id="209">
                <description>Setting9 Button</description>
                <posx>0</posx>
                <posy>0</posy>
                <width>350</width>
                <height>30</height>
                <align>left</align>
                <aligny>center</aligny>
                <label>SCRIPT209</label>
                <font>font13</font>
                <textcolor>ffffffff</textcolor>
                <textoffsetx>10</textoffsetx>
                <texturefocus>default-input-focus.png</texturefocus>
                <texturenofocus>default-input-nofocus.png</texturenofocus>
                <textureradiofocus>default-settings-check-box.png</textureradiofocus>
                <textureradionofocus>default-settings-check-boxNF.png</textureradionofocus>
                <disabledcolor>60d0d0d0</disabledcolor>
                <shadowcolor>ff000000</shadowcolor>
            </control>
        </control>

		<!-- ** Required ** Do not change id's or type's -->
        <control type="group" id="2000">
            <animation effect="fade" time="200">WindowOpen</animation>
            <animation effect="fade" time="200">WindowClose</animation>
            <control type="button" id="250">
                <description>Ok Button</description>
                <posx>340</posx>
                <posy>60</posy>
                <width>90</width>
                <height>32</height>
                <align>center</align>
                <aligny>center</aligny>
                <label>SCRIPT250</label>
                <font>font10</font>
                <textcolor>ffffffff</textcolor>
                <disabledcolor>60ffffff</disabledcolor>
                <textoffsetx>17</textoffsetx>
                <texturenofocus>default-keyboard-btn.png</texturenofocus>
                <texturefocus>default-keyboard-btn-focus.png</texturefocus>
                <onleft>9000</onleft>
                <onright>9000</onright>
                <onup>254</onup>
                <ondown>251</ondown>
            </control>

            <control type="button" id="251">
                <description>Cancel Button</description>
                <posx>340</posx>
                <posy>95</posy>
                <width>90</width>
                <height>32</height>
                <align>center</align>
                <aligny>center</aligny>
                <label>SCRIPT251</label>
                <font>font10</font>
                <textcolor>ffffffff</textcolor>
                <textoffsetx>17</textoffsetx>
                <texturenofocus>default-keyboard-btn.png</texturenofocus>
                <texturefocus>default-keyboard-btn-focus.png</texturefocus>
                <onleft>9000</onleft>
                <onright>9000</onright>
                <onup>250</onup>
                <ondown>252</ondown>
            </control>

            <control type="button" id="252">
                <description>Update Button</description>
                <posx>340</posx>
                <posy>130</posy>
                <width>90</width>
                <height>32</height>
                <align>center</align>
                <aligny>center</aligny>
                <label>SCRIPT252</label>
                <font>font10</font>
                <textcolor>ffffffff</textcolor>
                <disabledcolor>60ffffff</disabledcolor>
                <textoffsetx>17</textoffsetx>
                <texturenofocus>default-keyboard-btn.png</texturenofocus>
                <texturefocus>default-keyboard-btn-focus.png</texturefocus>
                <onleft>9000</onleft>
                <onright>9000</onright>
                <onup>251</onup>
                <ondown>253</ondown>
                <enable>System.InternetState</enable>
            </control>

            <control type="button" id="253">
                <description>Credits Button</description>
                <posx>340</posx>
                <posy>165</posy>
                <width>90</width>
                <height>32</height>
                <align>center</align>
                <aligny>center</aligny>
                <label>SCRIPT253</label>
                <font>font10</font>
                <textcolor>ffffffff</textcolor>
                <disabledcolor>60ffffff</disabledcolor>
                <textoffsetx>17</textoffsetx>
                <texturenofocus>default-keyboard-btn.png</texturenofocus>
                <texturefocus>default-keyboard-btn-focus.png</texturefocus>
                <onleft>9000</onleft>
                <onright>9000</onright>
                <onup>252</onup>
                <ondown>255</ondown>
            </control>
        
            <control type="button" id="255">
                <description>Defaults Button</description>
                <posx>340</posx>
                <posy>215</posy>
                <width>90</width>
                <height>32</height>
                <align>center</align>
                <aligny>center</aligny>
                <label>SCRIPT255</label>
                <font>font10</font>
                <textcolor>ffffffff</textcolor>
                <disabledcolor>60ffffff</disabledcolor>
                <textoffsetx>17</textoffsetx>
                <texturenofocus>default-keyboard-btn.png</texturenofocus>
                <texturefocus>default-keyboard-btn-focus.png</texturefocus>
                <onleft>9000</onleft>
                <onright>9000</onright>
                <onup>253</onup>
                <ondown>254</ondown>
            </control>

            <control type="button" id="254">
                <description>Play Button</description>
                <posx>340</posx>
                <posy>285</posy>
                <width>90</width>
                <height>32</height>
                <align>center</align>
                <aligny>center</aligny>
                <label>SCRIPT254</label>
                <font>font10</font>
                <textcolor>ffffffff</textcolor>
                <disabledcolor>60ffffff</disabledcolor>
                <textoffsetx>17</textoffsetx>
                <texturenofocus>default-keyboard-btn.png</texturenofocus>
                <texturefocus>default-keyboard-btn-focus.png</texturefocus>
                <onleft>9000</onleft>
                <onright>9000</onright>
                <onup>255</onup>
                <ondown>250</ondown>
            </control>
        </control>
	</controls>
</window>