<?xml version="1.0" encoding="utf-8"?>
<daumtv>
  <brands>
    <brand>
      <name>스포츠명장면</name>
      <id>XsGiT7GKDao0</id>
    </brand>
    <brand>
      <name>애드와플</name>
      <id>oa8Rlb_BH3E0</id>
    </brand>
    <brand>
      <name>YG TV</name>
      <id>SB4EuPer4iM0</id>
    </brand>
    <brand>
      <name>스팟TV</name>
      <id>eNs27WM_Xy10</id>
    </brand>
    <brand>
      <name>수퍼액션</name>
      <id>cbRI-fSzTFk0</id>
    </brand>
    <brand>
      <name>스토리온</name>
      <id>CwLEuHwgL2E0</id>
    </brand>
    <brand>
      <name>스타리그</name>
      <id>KN.r1jp17zI0</id>
    </brand>
    <brand>
      <name>프로리그</name>
      <id>Sa3QtEuMXf10</id>
    </brand>
    <brand>
      <name>나이스게임TV</name>
      <id>Np14TaAebcQ0</id>
    </brand>
    <brand>
      <name>겜플렉스</name>
      <id>O_5rgf7M1do0</id>
    </brand>
    <brand>
      <name>나루토</name>
      <id>hZu8dgCZmzQ0</id>
    </brand>
    <brand>
      <name>tv팟 PD</name>
      <id>nVhwR6oZvXk0</id>
    </brand>
    <brand>
      <name>NGC</name>
      <id>.3LAXaaaUdE0</id>
    </brand>
    <brand>
      <name>바둑TV</name>
      <id>27GH3CNre690</id>
    </brand>
  </brands>
</daumtv>
