<?xml version="1.0" encoding="UTF-8" standalone="yes"?>
<addon id="metadata.artists.daum.net"
       name="Daum"
       version="1.0.0"
       provider-name="XBMC-Korea">
  <requires>
    <import addon="xbmc.metadata" version="1.0"/>
  </requires>
  <extension point="xbmc.metadata.scraper.artists"
             language="ko"
             library="daum-artists.xml"/>
  <extension point="xbmc.addon.metadata">
    <summary lang="en">Daum Music Artists Scraper</summary>
    <summary lang="ko">다음 음악가 스크래퍼</summary>
    <description lang="en">Download music artist information from music.daum.net</description>
    <description lang="ko">music.daum.net 에서 음악가 정보 다운로드</description>
  </extension>
</addon>
