﻿<?xml version="1.0" encoding="UTF-8"?>
<scraper framework="1.1" date="2010-04-07" language="ko">
	<NfoUrl dest="3">
		<RegExp input="$$1" output="\1" dest="3">
			<expression>(http://music.daum.net/artist/.*)</expression>
		</RegExp>
	</NfoUrl>
	<CreateArtistSearchUrl dest="3">
		<RegExp input="$$1" output="&lt;url&gt;http://music.daum.net/search/artist.do?query=\1&lt;/url&gt;" dest="3">
			<expression/>
		</RegExp>
	</CreateArtistSearchUrl>
	<GetArtistSearchResults dest="3">
		<RegExp input="$$4" output="&lt;results&gt;\1&lt;/results&gt;" dest="3">
			<RegExp input="$$1" output="&lt;entity&gt;&lt;url&gt;\1&lt;/url&gt;&lt;title&gt;\2&lt;/title&gt;&lt;/entity&gt;" dest="4">
				<expression repeat="yes">&lt;span class="tit2 subj2"&gt;&lt;a href="([^"]*)"[^&gt;]*&gt;(.+?)&lt;/a&gt;&lt;/span&gt;</expression>
			</RegExp>
			<expression noclean="1"/>
		</RegExp>
	</GetArtistSearchResults>
	<GetArtistDetails dest="3">
		<RegExp input="$$4" output="&lt;details&gt;\1&lt;/details&gt;" dest="3">
			<RegExp input="$$1" output="\1" dest="10">
				<expression>"scrapArtist\('(\d+)'\)"</expression>
			</RegExp>
			<RegExp input="$$1" output="&lt;name&gt;\1&lt;/name&gt;" dest="4">
				<expression>&lt;li class="itm"&gt;&lt;strong class="title fs_biggest"[^&gt;]*&gt;(.+?)&lt;/strong&gt;</expression>
			</RegExp>
			<RegExp input="$$1" output="&lt;born&gt;\1&lt;/born&gt;" dest="4+">
				<expression>출생: ([\d\.]+)</expression>
			</RegExp>
			<RegExp input="$$1" output="&lt;died&gt;\1&lt;/died&gt;" dest="4+">
				<expression>사망: ([\d\.]+)</expression>
			</RegExp>
			<RegExp input="$$1" output="&lt;formed&gt;\1&lt;/formed&gt;" dest="4+">
				<expression>결성: ([\d\.]+)</expression>
			</RegExp>
			<RegExp input="$$1" output="&lt;disbanded&gt;\1&lt;/disbanded&gt;" dest="4+">
				<expression>해체: ([\d\.]+)</expression>
			</RegExp>
			<RegExp conditional="!enThumbs" input="$$1" output="&lt;thumb&gt;\1/image/\2&lt;/thumb&gt;" dest="4+">
				<expression>&lt;p class="thumb" id="ArtiPic"&gt;\s*&lt;a href[^&gt;]*&gt;&lt;img src="(http://[^/]+)/P160x125/([^"]+)" width="160" height="125"[^&gt;]*&gt;&lt;/a&gt;</expression>
			</RegExp>
			<RegExp input="$$1" output="&lt;genre&gt;\1&lt;/genre&gt;&lt;style&gt;\2&lt;/style&gt;" dest="4+">
				<expression>&lt;li class="itm1 fl"&gt;&lt;strong class="col[^"]*"&gt;장.*?르&lt;/strong&gt;\s*&lt;span class="txt"&gt;\s*&lt;a href="[^"]*" title="[^"]*"&gt;([^&lt;]+)&lt;/a&gt;[^&lt;]*&lt;a href="[^"]*" title="[^"]*"&gt;([^&lt;]+)&lt;/a&gt;</expression>
			</RegExp>
			<RegExp input="$$1" output="&lt;yearsactive&gt;\1&lt;/yearsactive&gt;" dest="4+">
				<expression repeat="yes" trim="1">&lt;span class="[^"]*" title="아티스트 활동연대" alt="아티스트 활동연대"&gt;([^&lt;]*)&lt;/span&gt;</expression>
			</RegExp>
			<RegExp input="$$1" output="&lt;rating&gt;\1&lt;/rating&gt;" dest="4+">
				<expression>&lt;span class="starBig pink"&gt;&lt;span [^&gt;]*&gt;&lt;span [^&gt;]*&gt;네티즌별점&lt;/span&gt;&lt;/span&gt;&lt;em&gt;([\d\.]+)&lt;/em&gt;&lt;/span&gt;</expression>
			</RegExp>
			<RegExp conditional="enDiscography" input="$$1" output="&lt;url function=&quot;GetDiscography&quot;&gt;http://music.daum.net\1&lt;/url&gt;" dest="4+">
				<expression noclean="1">&lt;a class="tab3" href="([^"]+)" title="앨범정보"&gt;</expression>
			</RegExp>
			<RegExp conditional="enThumbs" input="$$1" output="&lt;url cache=&quot;daum-artist-$$10.htm&quot; function=&quot;GetArtistThumb&quot;&gt;http://music.daum.net\1&lt;/url&gt;" dest="4+">
				<expression>&lt;a class="tab6" href="([^"]+)" title="포토"&gt;</expression>
			</RegExp>
			<RegExp conditional="enFanart" input="$$1" output="&lt;url cache=&quot;daum-artist-$$10.htm&quot; function=&quot;GetArtistFanart&quot;&gt;http://music.daum.net\1&lt;/url&gt;" dest="4+">
				<expression>&lt;a class="tab6" href="([^"]+)" title="포토"&gt;</expression>
			</RegExp>
			<expression noclean="1"/>
		</RegExp>
	</GetArtistDetails>
	<GetDiscography dest="3">
		<RegExp input="$$4" output="&lt;details&gt;\1&lt;/details&gt;" dest="3">
			<RegExp input="$$1" output="&lt;album&gt;&lt;title&gt;\1&lt;/title&gt;&lt;year&gt;\2&lt;/year&gt;&lt;/album&gt;" dest="4">
				<expression repeat="yes">class="fw_b fs_bigger gray_d2"&gt;([^&lt;]+)&lt;/a&gt;.*?&lt;li class="c4 fs_small gray_b1"&gt;(\d{4}\.\d{2}\.\d{2})</expression>
			</RegExp>
			<expression noclean="1"/>
		</RegExp>
	</GetDiscography>
	<GetArtistThumb dest="3">
		<RegExp input="$$5" output="&lt;details&gt;\1&lt;/details&gt;" dest="3">
			<RegExp input="$$1" output="&lt;thumb preview=&quot;http://\1/P160x125/\2&quot;&gt;http://\1/image/\2&lt;/thumb&gt;" dest="5">
				<expression repeat="yes">&lt;img src="http://([^/]+)/P160x125/([^"]+)"</expression>
			</RegExp>
			<expression noclean="1"/>
		</RegExp>
	</GetArtistThumb>
	<GetArtistFanart dest="3">
		<RegExp input="$$5" output="&lt;details&gt;&lt;fanart&gt;\1$$7&lt;/fanart&gt;&lt;/details&gt;" dest="3">
			<RegExp input="$$1" output="&lt;thumb preview=&quot;http://\1/P160x125/\2&quot;&gt;http://\1/image/\2&lt;/thumb&gt;" dest="5">
				<expression repeat="yes">&lt;img src="http://([^/]+)/P160x125/([^"]+)"</expression>
			</RegExp>
			<expression noclean="1"/>
		</RegExp>
	</GetArtistFanart>
</scraper>
