<?xml version="1.0" encoding="UTF-8" standalone="yes"?>
<addon id="metadata.movie.daum.net"
       name="Daum-Movie"
       version="1.0.1"
       provider-name="XBMC-Korea">
  <requires>
    <import addon="xbmc.metadata" version="1.0"/>
    <import addon="metadata.common.movie.daum.net" version="1.0"/>
  </requires>
  <extension point="xbmc.metadata.scraper.movies"
             language="ko"
             library="daum-movie.xml"/>
  <extension point="xbmc.addon.metadata">
    <summary lang="en">Daum Movie Scraper</summary>
    <summary lang="kr">다음 음악 스크래퍼</summary>
    <description lang="en">Download movie information from movie.daum.net</description>
    <description lang="kr">movie.daum.net에서 영화 정보 다운로드</description>
    <platform>all</platform>
  </extension>
</addon>
