﻿<?xml version="1.0" encoding="UTF-8"?>
<scraper framework="1.1" date="2010-04-07">
	<NfoUrl dest="3">
		<RegExp input="$$1" output="&lt;url&gt;http://movie.daum.net/moviedetail/moviedetailMain.do?movieId=\1&lt;/url&gt;" dest="3">
			<expression>movie\.daum\.net[^\?]*\?movieId=(\d*)</expression>
		</RegExp>
	</NfoUrl>
	<CreateSearchUrl SearchStringEncoding="UTF-8" dest="3">
		<RegExp input="$$1 $$2" output="&lt;url&gt;http://movie.daum.net/search.do?type=movie&amp;q=\1&lt;/url&gt;" dest="3">
			<expression noclean="1"/>
		</RegExp>
	</CreateSearchUrl>
	<GetSearchResults dest="8">
		<RegExp input="$$5" output="&lt;?xml version=&quot;1.0&quot; encoding=&quot;UTF-8&quot; standalone=&quot;yes&quot;?&gt;&lt;results&gt;\1&lt;/results&gt;" dest="8">
			<RegExp input="$$1" output="&lt;entity&gt;&lt;title&gt;\2&lt;/title&gt;&lt;year&gt;\3&lt;/year&gt;&lt;id&gt;\1&lt;/id&gt;&lt;url&gt;http://movie.daum.net/moviedetail/moviedetailMain.do?movieId=\1&lt;/url&gt;&lt;/entity&gt;" dest="5">
				<expression clear="yes" repeat="yes">class="fl srch"&gt;&lt;a href="http://movie.daum.net/moviedetail/moviedetailMain.do\?movieId=(\d+)"[^&gt;]*&gt;([^"]*)&lt;/a&gt;\s*\((\d+)\)&lt;/span&gt;[^\(]*"fs13"&gt;\s*&lt;/span</expression>
			</RegExp>
			<RegExp input="$$1" output="&lt;entity&gt;&lt;title&gt;\2(\4)&lt;/title&gt;&lt;year&gt;\3&lt;/year&gt;&lt;id&gt;\1&lt;/id&gt;&lt;url&gt;http://movie.daum.net/moviedetail/moviedetailMain.do?movieId=\1&lt;/url&gt;&lt;/entity&gt;" dest="5+">
				<expression repeat="yes">class="fl srch"&gt;&lt;a href="http://movie.daum.net/moviedetail/moviedetailMain.do\?movieId=(\d+)"[^&gt;]*&gt;([^"]*)&lt;/a&gt;\s*\((\d+)\)&lt;/span&gt;[^\(]*"fs13"&gt;\s*([^"]+)&lt;/span</expression>
			</RegExp>
			<expression noclean="1"/>
		</RegExp>
	</GetSearchResults>
	<GetDetails dest="3">
		<RegExp input="$$8" output="&lt;details&gt;\1&lt;/details&gt;" dest="3">
			<RegExp input="$$2" output="&lt;id&gt;\1&lt;/id&gt;" dest="8">
				<expression/>
			</RegExp>
			<RegExp input="$$1" output="&lt;title&gt;\1&lt;/title&gt;&lt;year&gt;\2&lt;/year&gt;" dest="8+">
				<expression trim="1">"title_kor"\s*&gt;([^&lt;]+)&lt;/strong&gt;[^\(]*\(&lt;a [^&gt;]*&gt;(\d+)&lt;/a&gt;\).*?"title_AKA"\s*&gt;\s*&lt;span class="eng"&gt;\s*&lt;/span</expression>
			</RegExp>
			<RegExp input="$$1" output="&lt;title&gt;\1 (\3)&lt;/title&gt;&lt;year&gt;\2&lt;/year&gt;" dest="8+">
				<expression trim="1,3">"title_kor"\s*&gt;([^&lt;]+)&lt;/strong&gt;[^\(]*\(&lt;a [^&gt;]*&gt;(\d+)&lt;/a&gt;\).*?"title_AKA"\s*&gt;\s*&lt;span class="eng"&gt;\s*(\S[^&lt;]*)&lt;/span</expression>
			</RegExp>
			<RegExp input="$$1" output="&lt;title&gt;\1 (\3)&lt;/title&gt;&lt;year&gt;\2&lt;/year&gt;" dest="8+">
				<expression trim="1,3">"title_kor"\s*&gt;([^&lt;]+)&lt;/strong&gt;[^\(]*\(&lt;a [^&gt;]*&gt;(\d+)&lt;/a&gt;\).*?"title_AKA"\s*&gt;\s*(\S[^&lt;]*)&lt;span class="eng"&gt;\s*&lt;/span</expression>
			</RegExp>
			<RegExp input="$$1" output="&lt;title&gt;\1 (\3,\4)&lt;/title&gt;&lt;year&gt;\2&lt;/year&gt;" dest="8+">
				<expression trim="1,3,4">"title_kor"\s*&gt;([^&lt;]+)&lt;/strong&gt;[^\(]*\(&lt;a [^&gt;]*&gt;(\d+)&lt;/a&gt;\).*?"title_AKA"\s*&gt;\s*(\S[^&lt;]*)&lt;span class="eng"&gt;\s*(\S[^&lt;]*)&lt;/span</expression>
			</RegExp>
			<RegExp input="$$7" output="&lt;director&gt;\1&lt;/director&gt;" dest="8+">
				<RegExp input="$$1" output="\1" dest="7">
					<expression noclean="1">&lt;strong&gt;감독&lt;/strong&gt;(.*)&lt;strong&gt;출연&lt;/strong&gt;</expression>
				</RegExp>
				<expression repeat="yes">&lt;a href=[^&gt;]*&gt;([^&lt;]*)&lt;/a&gt;</expression>
			</RegExp>
			<RegExp input="$$7" output="&lt;studio&gt;\1&lt;/studio&gt;" dest="8+">
				<RegExp input="$$1" output="\1" dest="7">
					<expression noclean="1">&lt;strong&gt;제작/배급&lt;/strong&gt;(.*)&lt;strong&gt;감독&lt;/strong&gt;</expression>
				</RegExp>
				<expression repeat="yes">&lt;a href="[^&gt;]*&gt;([^&lt;]*)&lt;/a&gt;</expression>
			</RegExp>
			<RegExp conditional="!EnableMoreCast" input="$$7" output="&lt;actor&gt;&lt;name&gt;\2&lt;/name&gt;&lt;role&gt;\3&lt;/role&gt;&lt;thumb&gt;\1&lt;/thumb&gt;&lt;/actor&gt;" dest="8+">
				<RegExp input="$$1" output="\1" dest="7">
					<expression noclean="1">&lt;strong&gt;출연&lt;/strong&gt;.*?"actors"(.*)"gradeWrap"</expression>
				</RegExp>
				<expression repeat="yes">class="cast_text"&gt;&lt;img id="[^"]*"src="([^"]*)"[^&gt;]*&gt;[^&gt;]*&gt;([^&lt;]*)&lt;/a&gt;[^\(]*\(([^\)]*)\)</expression>
			</RegExp>
			<RegExp conditional="EnableMoreCast" input="$$1" output="&lt;url cache=&quot;daum-cast-$$2.htm&quot; function=&quot;GetDaumCast&quot;&gt;\1&lt;/url&gt;" dest="8+">
				<expression>&lt;a class="tab3" href="([^"]*)"</expression>
			</RegExp>
			<RegExp conditional="EnableWriter" input="$$1" output="&lt;url cache=&quot;daum-cast-$$2.htm&quot; function=&quot;GetDaumWriter&quot;&gt;\1&lt;/url&gt;" dest="8+">
				<expression>&lt;a class="tab3" href="([^"]*)"</expression>
			</RegExp>
			<RegExp conditional="!EnableFullPlot" input="$$7" output="&lt;plot&gt;\1&lt;/plot&gt;" dest="8+">
				<RegExp input="$$1" output="\1" dest="7">
					<expression>&lt;div class="txt"&gt;&lt;table&gt;&lt;tr&gt;&lt;td&gt;(.*?)&lt;/td&gt;&lt;/tr&gt;&lt;/table&gt;\s*&lt;/div&gt;</expression>
				</RegExp>
				<expression>(\S.*\S)</expression>
			</RegExp>
			<RegExp conditional="EnableFullPlot" input="$$1" output="&lt;url cache=&quot;daum-story-$$2.htm&quot; function=&quot;GetDaumFullPlot&quot;&gt;\1&lt;/url&gt;" dest="8+">
				<expression>&lt;a class="tab2" href="([^"]*)"</expression>
			</RegExp>
			<RegExp input="$$7" output="&lt;premiered&gt;\1&lt;/premiered&gt;" dest="8+">
				<RegExp input="$$1" output="\1" dest="7">
					<expression noclean="1">&lt;strong&gt;요약정보&lt;/strong&gt;(.*)&lt;strong&gt;감독&lt;/strong&gt;</expression>
				</RegExp>
				<expression>(\d{4}-\d{1,2}-\d{1,2})</expression>
			</RegExp>
			<RegExp input="$$7" output="&lt;genre&gt;\1&lt;/genre&gt;" dest="8+">
				<RegExp input="$$1" output="\1" dest="7">
					<expression noclean="1">&lt;strong&gt;요약정보&lt;/strong&gt;(.*?)\|</expression>
				</RegExp>
				<expression repeat="yes">&lt;a href='[^']*'&gt;([^&lt;]*)&lt;/a&gt;</expression>
			</RegExp>
			<RegExp input="$$7" output="&lt;runtime&gt;\1 분&lt;/runtime&gt;" dest="8+">
				<RegExp input="$$1" output="\1" dest="7">
					<expression noclean="1">&lt;strong&gt;요약정보&lt;/strong&gt;(.*)&lt;strong&gt;감독&lt;/strong&gt;</expression>
				</RegExp>
				<expression>(\d+) 분</expression>
			</RegExp>
			<RegExp input="$$1" output="&lt;rating&gt;\1&lt;/rating&gt;" dest="8+">
				<expression>"star_big [^"]+"&gt;.*?&gt;네티즌별점&lt;.*?&lt;em&gt;([\d\.]+)&lt;/em&gt;</expression>
			</RegExp>
			<RegExp input="$$1" output="&lt;votes&gt;\1&lt;/votes&gt;" dest="8+">
				<expression>&lt;span class="fs11 fc3"&gt;\((\d+)명 참여\)&lt;/span&gt;</expression>
			</RegExp>
			<RegExp input="$$1" output="&lt;mpaa&gt;\1&lt;/mpaa&gt;" dest="8+">
				<expression>icon_rating_\d+\.gif" title="([^"]*)"</expression>
			</RegExp>
			<RegExp conditional="!EnableThumbs" input="$$1" output="&lt;thumb&gt;\1&lt;/thumb&gt;" dest="8+">
				<expression>&lt;p class="poster"&gt;&lt;a [^&lt;]*&lt;img src="([^"]*)"</expression>
			</RegExp>
			<RegExp conditional="EnableThumbs" input="$$1" output="&lt;url cache=&quot;daum-photo-$$2.htm&quot; function=&quot;GetDaumPoster&quot;&gt;\1&lt;/url&gt;" dest="8+">
				<expression>&lt;a class="tab4" href="([^"]*)"</expression>
			</RegExp>
			<RegExp conditional="EnableTMDBFanart" input="$$7" output="&lt;url function=&quot;GetTMDBFanartById&quot;&gt;http://www.google.com/search?q=site:imdb.com\1&lt;/url&gt;" dest="8+">
				<RegExp input="$$1" output="\4 \2" dest="6">
					<expression trim="1,3,4">"title_kor"\s*&gt;([^&lt;]*)&lt;/strong&gt;[^\(]*\(&lt;a [^&gt;]*&gt;(\d+)&lt;/a&gt;\).*?"title_AKA"\s*&gt;([^&lt;]*)&lt;span class="eng"&gt;([^&lt;]+)&lt;/span</expression>
				</RegExp>
				<RegExp input="$$6" output="+\1" dest="7">
					<expression repeat="yes">([^ ,]+)</expression>
				</RegExp>
				<expression/>
			</RegExp>
			<RegExp conditional="EnableFanart" input="$$1" output="&lt;url cache=&quot;daum-photo-$$2.htm&quot; function=&quot;GetDaumFanart&quot;&gt;\1&amp;order=recommend&lt;/url&gt;" dest="8+">
				<expression>&lt;a class="tab4" href="([^"]*)"</expression>
			</RegExp>
			<expression noclean="1"/>
		</RegExp>
	</GetDetails>
</scraper>
