<?xml version="1.0" encoding="UTF-8" standalone="yes"?>
<addon id="metadata.albums.naver.com"
       name="Naver Albums"
       version="1.0.0"
       provider-name="XBMC-Korea">
  <requires>
    <import addon="xbmc.metadata" version="1.0"/>
  </requires>
  <extension point="xbmc.metadata.scraper.albums"
             language="ko"
             library="naver-albums.xml"/>
  <extension point="xbmc.addon.metadata">
    <summary lang="en">NAVER Music Albums Scraper</summary>
    <summary lang="ko">네이버 음악앨범 스크래퍼</summary>
    <description lang="en">Download music album information from music.naver.com</description>
    <description lang="ko">music.naver.com 에서 음악앨범 정보 다운로드</description>
  </extension>
</addon>
