<?xml version="1.0" encoding="EUC-KR"?>
<scraper framework="1.1" date="2010-04-30" language="ko">
	<NfoUrl dest="3">
		<RegExp input="$$1" output="\1" dest="3">
			<expression>(http://music.naver.com/.*)</expression>
		</RegExp>
	</NfoUrl>
	<CreateAlbumSearchUrl dest="3" SearchStringEncoding="EUC-KR">
		<RegExp input="$$1" output="&lt;url&gt;http://music.naver.com/search.nhn?where=album&amp;query=\1&lt;/url&gt;" dest="3">
			<expression/>
		</RegExp>
	</CreateAlbumSearchUrl>
	<GetAlbumSearchResults dest="3">
		<RegExp input="$$4" output="&lt;?xml version=&quot;1.0&quot; encoding=&quot;EUC-KR&quot; standalone=&quot;yes&quot;?&gt;&lt;results&gt;\1&lt;/results&gt;" dest="3">
			<RegExp input="$$1" output="&lt;entity&gt;&lt;title&gt;\2&lt;/title&gt;&lt;artist&gt;\3&lt;/artist&gt;&lt;url&gt;http://music.naver.com/album.nhn?tubeid=\1&lt;/url&gt;&lt;/entity&gt;" dest="4">
				<expression repeat="yes">&lt;a href="javascript:tube_goURL_appreciation\('([^']*)'\);" class="c u"&gt;(.*?)&lt;/a&gt;.*?&lt;span title[^&gt;]*&gt;([^&lt;]*)&lt;/span&gt;</expression>
			</RegExp>
			<expression noclean="1"/>
		</RegExp>
	</GetAlbumSearchResults>
	<GetAlbumDetails dest="3">
		<RegExp input="$$4" output="&lt;details&gt;\1&lt;/details&gt;" dest="3">
			<RegExp input="$$1" output="\1" dest="11">
				<expression>&lt;h2 title[^&gt;]*&gt;([^&lt;]*)&lt;/h2&gt;</expression>
			</RegExp>
			<RegExp input="$$11" output="&lt;title&gt;\1&lt;/title&gt;" dest="4">
				<expression/>
			</RegExp>
			<RegExp input="$$1" output="&lt;artist&gt;\1&lt;/artist&gt;" dest="4+">
				<expression>&lt;dt id="artistName"\s*&gt;.*?&lt;a href[^&gt;]*&gt;([^lt;]*)&lt;/a&gt;</expression>
			</RegExp>
			<RegExp input="$$1" output="&lt;genre&gt;\1&lt;/genre&gt;" dest="4+">
				<expression trim="1">/txt_type\.gif".*?&lt;dd&gt;([^&lt;]*)&lt;/dd&gt;</expression>
			</RegExp>
			<RegExp input="$$1" output="&lt;year&gt;\1&lt;/year&gt;" dest="4+">
				<expression>/txt_date\.gif".*?&lt;dd&gt;(\d{4})[^&lt;]*&lt;/dd&gt;</expression>
			</RegExp>
			<RegExp input="$$1" output="&lt;releasedate&gt;\1&lt;/releasedate&gt;" dest="4+">
				<expression>/txt_date\.gif".*?&lt;dd&gt;(\d{4}[^&lt;]*)&lt;/dd&gt;</expression>
			</RegExp>
			<RegExp input="$$1" output="&lt;label&gt;\1&lt;/label&gt;" dest="4+">
				<expression>/txt_company\.gif".*?&lt;dd&gt;([^&lt;]*)&lt;/dd&gt;</expression>
			</RegExp>
			<RegExp input="$$1" output="&lt;thumb&gt;\1&lt;/thumb&gt;" dest="4+">
				<expression>&lt;div class="album_info"&gt;.*?&lt;img src="([^"]*)</expression>
			</RegExp>
			<RegExp conditional="!enFullReview" input="$$5" output="&lt;review&gt;\1&lt;/review&gt;" dest="4+">
				<RegExp input="$$1" output="\1" dest="5">
					<expression trim="1">&lt;div[^&gt;]*id="albumDescSummary"&gt;(.*?)&lt;/div&gt;</expression>
				</RegExp>
				<expression>(\S.*\S)</expression>
			</RegExp>
			<RegExp conditional="enFullReview" input="$$5" output="&lt;review&gt;\1&lt;/review&gt;" dest="4+">
				<RegExp input="$$1" output="\1" dest="5">
					<expression trim="1">&lt;div[^&gt;]*id="albumDesc"&gt;(.*?)&lt;/div&gt;</expression>
				</RegExp>
				<expression>(\S.*\S)</expression>
			</RegExp>
			<RegExp conditional="enKoccaReview" input="$$11" output="&lt;url function=&quot;GetKoccaReviewByName&quot;&gt;http://www.koccamusic.or.kr/search?swhere=Title&amp;skeyword=\1&lt;/url&gt;" dest="4+">
				<expression encode="1"/>
			</RegExp>
			<RegExp input="$$1" output="&lt;track&gt;&lt;position&gt;\1&lt;/position&gt;&lt;title&gt;\2&lt;/title&gt;&lt;/track&gt;" dest="4+">
				<expression repeat="yes">&lt;td class="num"&gt;(\d+)&lt;/td&gt;.*?&lt;a href="[^"]*" class="musicname"[^&gt;]*&gt;([^&lt;]*)&lt;/a&gt;</expression>
			</RegExp>
			<RegExp input="$$1" output="&lt;rating&gt;\1&lt;/rating&gt;" dest="4+">
				<expression>&lt;span class="text_point"&gt;([^&lt;]*)&lt;/span&gt;</expression>
			</RegExp>
			<expression noclean="1"/>
		</RegExp>
	</GetAlbumDetails>
	<GetKoccaReviewByName dest="3">
		<RegExp input="$$4" output="&lt;details&gt;\1&lt;/details&gt;" dest="3">
			<RegExp input="$$1" output="&lt;url function=&quot;GetKoccaReview&quot;&gt;http://www.koccamusic.or.kr/metadetail/title/title_main.jsp?tid=\1&lt;/url&gt;" dest="4">
				<expression>&lt;a href="javascript:goTitleMain\('(\d+)',''\);"&gt;</expression>
			</RegExp>
			<expression noclean="1"/>
		</RegExp>
	</GetKoccaReviewByName>
	<GetKoccaReview dest="3">
		<RegExp input="$$4" output="&lt;details&gt;\1&lt;/details&gt;" dest="3">
			<RegExp input="$$5" output="&lt;review&gt;\1&lt;/review&gt;" dest="4">
				<RegExp input="$$1" output="\1" dest="5">
					<expression trim="1">&lt;div class="word-wrap"&gt;(.*?)&lt;/div&gt;</expression>
				</RegExp>
				<expression>(\S.*\S)</expression>
			</RegExp>
			<expression noclean="1"/>
		</RegExp>
	</GetKoccaReview>
</scraper>
