<?xml version="1.0" encoding="UTF-8" standalone="yes"?>
<addon id="plugin.video.daum.net"
       name="Daum tvPot"
       version="1.0.0"
       provider-name="XBMC-Korea">
  <requires>
    <import addon="xbmc.python" version="1.0"/>
  </requires>
  <extension point="xbmc.python.pluginsource"
            library="default.py">
        <provides>video</provides>
  </extension>
  <extension point="xbmc.addon.metadata">

    <summary>Daum Streaming Service</summary>
    <description>Watch Korean movie trailer, video clip, game broadcast in tvpot.daum.net</description>
    <platform>all</platform>
  </extension>
</addon>
