<?xml version="1.0" encoding="UTF-8" standalone="yes"?>
<addon id="metadata.tv.daum.net"
       name="Daum-TV"
       version="1.0.1"
       provider-name="XBMC-Korea">
  <requires>
    <import addon="xbmc.metadata" version="1.0"/>
  </requires>
  <extension point="xbmc.metadata.scraper.tvshows"
             language="ko"
             library="daum-tv.xml"/>
  <extension point="xbmc.addon.metadata">
    <summary lang="en">Daum TV Shows Scraper</summary>
    <summary lang="kr">다음 티비쇼 스크래퍼</summary>
    <description lang="en">Download TV shows information from movie.daum.net</description>
    <description lang="kr">movie.daum.net에서 티비쇼 정보 다운로드</description>
  </extension>
</addon>
