﻿<window>
	<coordinates>
		<system>1</system>
		<posx>161</posx>
		<posy>88</posy>
	</coordinates>
	<controls>
		<control type="group">
			<animation effect="slide" time="0" end="90,10" condition="!Window.IsVisible(script-XBMC_Lyrics-settings.xml)">Conditional</animation>
			<!-- ** Optional ** -->
			<control type="image">
				<description>Background Image</description>
				<posx>18</posx>
				<posy>40</posy>
				<width>360</width>
				<height>320</height>
				<texture>default-dialog-panel.png</texture>
			</control>
			<!-- ** Required ** Do not change <description> or <type> -->
			<control type="label" id="20">
				<description>Credits Label</description>
				<posx>35</posx>
				<posy>48</posy>
				<width>175</width>
				<align>left</align>
				<font>font10</font>
				<textcolor>DDced8da</textcolor>
			</control>
			<!-- ** Required ** Do not change <description> or <type> -->
			<control type="label" id="30">
				<description>Credits Version Label</description>
				<posx>370</posx>
				<posy>48</posy>
				<width>150</width>
				<align>right</align>
				<font>font10</font>
				<textcolor>DDced8da</textcolor>
			</control>
			<!-- ** Required ** Do not change <description> or <type> -->
			<control type="fadelabel" id="40">
				<description>SVN URL Label</description>
				<posx>35</posx>
				<posy>315</posy>
				<width>330</width>
				<align>left</align>
				<font>font10</font>
				<textcolor>DDced8da</textcolor>
			</control>
			<!-- ** Required ** Do not change <description> or <type> -->
			<control type="label" id="901">
				<description>Team Credits Label</description>
				<posx>45</posx>
				<posy>80</posy>
				<width>200</width>
				<align>left</align>
				<font>font10</font>
				<textcolor>60ffffff</textcolor>
			</control>
			<!-- ** Required ** Do not change <id> or <type> -->
			<control type="list" id="101">
				<description>Team Credits List</description>
				<posx>33</posx>
				<posy>100</posy>
				<width>360</width>
				<height>60</height>
				<scrolltime>200</scrolltime>
				<itemlayout height="20">
					<control type="label">
						<posx>3</posx>
						<posy>1</posy>
						<width>200</width>
						<height>18</height>
						<font>font10</font>
						<aligny>center</aligny>
						<align>left</align>
						<info>ListItem.Label</info>
					</control>
					<control type="label">
						<posx>335</posx>
						<posy>1</posy>
						<width>100</width>
						<height>18</height>
						<font>font10</font>
						<aligny>center</aligny>
						<align>right</align>
						<info>ListItem.Label2</info>
					</control>
				</itemlayout>
				<focusedlayout height="20">
					<control type="label">
						<posx>3</posx>
						<posy>1</posy>
						<width>200</width>
						<height>18</height>
						<font>font10</font>
						<aligny>center</aligny>
						<align>left</align>
						<info>ListItem.Label</info>
					</control>
					<control type="label">
						<posx>335</posx>
						<posy>1</posy>
						<width>100</width>
						<height>18</height>
						<font>font10</font>
						<aligny>center</aligny>
						<align>right</align>
						<info>ListItem.Label2</info>
					</control>
				</focusedlayout>
			</control>
			<!-- ** Required ** Do not change <description> -->
			<control type="label" id="902">
				<description>Additional Credits Label</description>
				<posx>45</posx>
				<posy>170</posy>
				<width>200</width>
				<align>left</align>
				<font>font10</font>
				<textcolor>60ffffff</textcolor>
			</control>
			<!-- ** Required ** Do not change <description> or <type> -->
			<control type="list" id="102">
				<description>Additional Credits List</description>
				<posx>33</posx>
				<posy>190</posy>
				<width>360</width>
				<height>60</height>
				<scrolltime>200</scrolltime>
				<itemlayout height="20">
					<control type="label">
						<posx>3</posx>
						<posy>1</posy>
						<width>200</width>
						<height>18</height>
						<font>font10</font>
						<aligny>center</aligny>
						<align>left</align>
						<info>ListItem.Label</info>
					</control>
					<control type="label">
						<posx>335</posx>
						<posy>1</posy>
						<width>100</width>
						<height>18</height>
						<font>font10</font>
						<aligny>center</aligny>
						<align>right</align>
						<info>ListItem.Label2</info>
					</control>
				</itemlayout>
				<focusedlayout height="20">
					<control type="label">
						<posx>3</posx>
						<posy>1</posy>
						<width>200</width>
						<height>18</height>
						<font>font10</font>
						<aligny>center</aligny>
						<align>left</align>
						<info>ListItem.Label</info>
					</control>
					<control type="label">
						<posx>335</posx>
						<posy>1</posy>
						<width>100</width>
						<height>18</height>
						<font>font10</font>
						<aligny>center</aligny>
						<align>right</align>
						<info>ListItem.Label2</info>
					</control>
				</focusedlayout>
			</control>
			<!-- ** Required ** Do not change <description> -->
			<control type="label" id="903">
				<description>Skin Credits Label</description>
				<posx>45</posx>
				<posy>260</posy>
				<width>200</width>
				<align>left</align>
				<font>font10</font>
				<textcolor>60ffffff</textcolor>
			</control>
			<!-- ** Optional ** -->
			<!-- This control is where you add your credits. -->
			<control type="label">
				<description>Skin Credits</description>
				<posx>36</posx>
				<posy>281</posy>
				<width>200</width>
				<height>20</height>
				<font>font10</font>
				<aligny>center</aligny>
				<align>left</align>
				<label>Graphics &amp; Skinning</label>
			</control>
			<control type="label">
				<posx>368</posx>
				<posy>281</posy>
				<width>200</width>
				<height>20</height>
				<font>font10</font>
				<aligny>center</aligny>
				<align>right</align>
				<label>Chokemaniac &amp; Jezz_X</label>
			</control>
		</control>
	</controls>
</window>