<?xml version="1.0" encoding="UTF-8" standalone="yes"?>
<addon id="script.lyrics.xbmc-korea.com"
       name="Korean Lyrics"
       version="1.0.0"
       provider-name="XBMC-Korea">
  <requires>
    <import addon="xbmc.python" version="1.0"/>
  </requires>
  <extension point="xbmc.python.lyrics"
             library="default.py" />
  <extension point="xbmc.addon.metadata">
    <summary lang="en">Lyrics from Korean sites</summary>
    <description lang="en">Download a Lyrics from Alsong / GomTV</description>
    <platform>all</platform>
  </extension>
</addon>
