<?xml version="1.0" encoding="UTF-8" standalone="yes"?>
<addon id="plugin.video.dabdate.com"
       name="Dabdate"
       version="0.0.1"
       provider-name="XBMC-Korea">
  <requires>
    <import addon="xbmc.python" version="1.0"/>
  </requires>
  <extension point="xbmc.python.pluginsource"
             library="default.py">
        <provides>video</provides>
  </extension>
  <extension point="xbmc.addon.metadata">
    <summary lang="en">Dabdate Streaming Service</summary>
    <summary lang="ko">Dabdate 비디오 스트리밍 서비스</summary>
    <description lang="en">Watch Korean tv shows in dabdate.com</description>
    <description lang="ko">Dabdate(Dabdate.com)에서 제공하는 한국 영화/드라마등을 볼 수 있습니다. 해당 사이트에 회원으로 가입되어있어야 사용할 수 있습니다.</description>
    <platform>all</platform>
  </extension>
</addon>
